SCOPE IDENTIFIER	OPT IN STATE	CHANNEL IMPORTANCE	BADGE	SOUND	ALERTS	CRITICAL ALERTS	TIME SENSITIVE	NOTIFICATION CENTER	DISPLAYED ON LOCK SCREEN	ACCEPTS SCHEDULED DELIVERY	LIVE ACTIVITY	LOCATION ALLOWED
device:009660f707efd9448ad4fb50856d12943939565c4433b3043f74409f57062d9f	ENABLED											
device:0501957cbdd2123e40a8abbbad9a9fbe66407a47c74b045f4ffbd4dad009aaec	PROVISIONAL		DISABLED	DISABLED	DISABLED	NOT_SUPPORTED	ENABLED	ENABLED	DISABLED	DISABLED	ENABLED	
device:2670f2910069a8e7e2b2864151183733b15a2b5b3f1a5c18847c11157e53c85a	NOT_PROMPTED		DISABLED	DISABLED	DISABLED	NOT_SUPPORTED	ENABLED	ENABLED	DISABLED	DISABLED	ENABLED	
device:2966972ca68140ba7a33a3d7b011cc1f55796f59aca0aa8058c04610c046194a	ENABLED											
device:3b8bcce7da63e894c0c29e4ca52cdd9f4248739a2858a0b64b1a20c575f7d0e4	PROVISIONAL		NOT_SUPPORTED	NOT_SUPPORTED	NOT_SUPPORTED	NOT_SUPPORTED	NOT_SUPPORTED	NOT_SUPPORTED	NOT_SUPPORTED	NOT_SUPPORTED	ENABLED	
device:4efca90faf82d2108ad11f8d5d7f55b0b0ffac61490852f34f1fd92d2e0b6dcd	ENABLED											
device:6014a208a59a002bc28156974c834e866a5c519ffd1a39d3e7b234cc6dd1d908	DISABLED											
device:8d9f5461751d55758ea994a6c8cd6ee3c9d9393c62cfe68d16cad2fd82c0f902	ENABLED											
device:9267058422ddb0141fbde8f3ad280a3111704b7cad15a38d8395554453d624f3	ENABLED		ENABLED	ENABLED	ENABLED	NOT_SUPPORTED	ENABLED	ENABLED	ENABLED	DISABLED	ENABLED	
device:939fad0d7861bae2c9fed4343d51e4e3fc920b910af7f7d745416aa31c893afa	PROVISIONAL		DISABLED	DISABLED	DISABLED	NOT_SUPPORTED	ENABLED	ENABLED	DISABLED	DISABLED	ENABLED	
device:d27df29745e1d90adeecae168330bd4768e230bd6be9069aee2d6415320005ce	ENABLED											
device:d812ee680d5113a48ff3367cc3ec1ecc1854e9e334ed9224bff78f6cdd24c67f	DISABLED											
device:edcfae61c0c70ee08768d4fe332f66a6c496c989b9557fcc5b4a448d5cfa31ab	ENABLED		NOT_SUPPORTED	NOT_SUPPORTED	NOT_SUPPORTED	NOT_SUPPORTED	NOT_SUPPORTED	NOT_SUPPORTED	NOT_SUPPORTED	NOT_SUPPORTED	ENABLED	
