Device Type,Brand Name,Marketing Name,OS,OS Version,Device Model,User Given Name,Device Last Location,Gaia ID
MOBILE,Google,Pixel 10 Pro Fold,Android,16,Pixel 10 Pro Fold,,"Country ISO: US
Last Activity Time: 2026-02-03 18:22:58 UTC",154796502895
PC,,,Mac,10.15.7,,,"Country ISO: US
Last Activity Time: 2026-02-19 02:01:48 UTC",154796502895
MOBILE,Google,Pixel 10 Pro Fold,Android,16,Pixel 10 Pro Fold,,"Country ISO: US
Last Activity Time: 2026-02-10 20:27:05 UTC",154796502895
PC,,,Mac,26.3.0,,,"Country ISO: US
Last Activity Time: 2026-02-28 16:11:32 UTC",154796502895
MOBILE,Apple,iPhone 16 Pro Max,iOS,26.2,"iPhone17,2",iPhone,"Country ISO: US
Last Activity Time: 2026-02-04 00:18:10 UTC",154796502895
PC,,,Mac,26.3.0,,,"Country ISO: US
Last Activity Time: 2026-02-28 16:11:32 UTC",154796502895
PC,,,Mac,26.3.0,,,"Country ISO: US
Last Activity Time: 2026-02-22 15:49:00 UTC",154796502895
PC,,,Mac,10.15.7,,,"Country ISO: US
Last Activity Time: 2026-02-16 17:09:07 UTC",154796502895
MOBILE,Google,Pixel 10 Pro Fold,Android,16,Pixel 10 Pro Fold,,"Country ISO: US
Last Activity Time: 2026-02-09 18:17:06 UTC",154796502895
MOBILE,Apple,iPhone 17 Pro,iOS,26.2.1,"iPhone18,1",iPhone,"Country ISO: US
Last Activity Time: 2026-02-28 06:39:56 UTC",154796502895
MOBILE,Google,Pixel 10 Pro Fold,Android,16,Pixel 10 Pro Fold,,"Country ISO: US
Last Activity Time: 2026-02-13 19:27:04 UTC",154796502895
